PDBID,SNP ID,WILDTYPE PDB ID,Residue in structure,Experimental Procedure,Surface,Loop,Alpha helix,Beta sheet,Buried,Alpha helix,Beta sheet,Loop,No structural consequence found,Common,Rare,No_Freq,Disease,Risk,Enzyme Activity,Aggregates,Stability,Binding/Dissociation,Assembly,Rearrangement,Neutral,No Functional consequence found,Reference                                                                                                                                                                                                                                                                                                                                                                                                                                                                                                                                                                                                                                                                                                                                                                                                                                                                                                                                                                                                                                                                                                                                                                                                                                                                                                                                                                                                                                                                                                                                                                                                                                                                                                                                                                                                                                                                                                                                                                            
1RN7,rs1799841,-,26,X-RAY DIFFRACTION,1,0,1,0,0,0,0,0,1,1,0,0,0,0,0,0,0,0,0,0,1,0,PMID: 15728581
1RY0,rs12529,,5,X-RAY DIFFRACTION,1,1,0,0,0,0,0,0,1,1,0,0,0,1,0,0,0,0,0,0,0,1,PMID: 18632753
1S5O,rs3118635,,351,X-RAY DIFFRACTION,1,1,0,0,0,0,0,0,1,0,1,0,0,0,0,0,0,0,0,0,0,1,
1SNT,rs2233391,,168,X-RAY DIFFRACTION,1,1,0,0,0,0,0,0,1,1,0,0,0,0,0,0,0,0,0,0,0,1,
3KAS,rs3817672,,142,X-RAY DIFFRACTION,1,0,1,0,0,0,0,0,1,1,0,0,0,1,0,0,0,0,0,0,0,0,PMID: 20497464 PMID: 25085015 
1T83,rs1045853,1L6X,356,X-RAY DIFFRACTION,1,0,1,0,0,0,0,0,1,0,0,1,0,0,0,0,0,0,0,0,0,1,
1T89,rs11621259,1L6X,358,X-RAY DIFFRACTION,1,0,1,0,0,0,0,0,1,0,0,1,0,0,0,0,0,0,0,0,0,1,
1T9S,rs199811295,,680,X-RAY DIFFRACTION,0,0,0,0,1,1,0,0,1,0,1,0,0,0,0,0,0,0,0,0,0,1,
1TDW,rs62642912,1J8U/1PAH,313,X-RAY DIFFRACTION,0,0,0,0,1,0,0,1,0,0,0,1,0,0,1,0,1,1,0,0,0,0,PMID: 15557004
1TJJ,rs153478,,40,X-RAY DIFFRACTION,1,0,0,1,0,0,0,0,1,1,0,0,0,0,0,0,0,0,0,0,0,1,
1TSH,rs121918070,4KY2,60,X-RAY DIFFRACTION,0,0,0,0,1,0,0,1,1,0,0,1,1,0,0,1,1,0,1,0,0,0,PMID: 9818054
1TTR,rs28933980,4KY2,122,X-RAY DIFFRACTION,1,0,0,1,0,0,0,0,0,0,1,0,1,0,0,1,1,0,1,0,0,0,PMID: 15299606
1UFU,rs1061679,,45,X-RAY DIFFRACTION,1,0,1,0,0,0,0,0,1,1,0,0,0,0,0,0,0,0,0,0,0,1,
1UKH,rs1126588,4L7F,223,X-RAY DIFFRACTION,1,1,0,0,0,0,0,0,1,0,0,1,0,0,0,0,0,0,0,0,0,1,
1UOU,rs11479,2WK6,471,X-RAY DIFFRACTION,1,1,0,0,0,0,0,0,1,1,0,0,0,0,0,0,0,0,0,0,0,1,
1VAR,rs1141718,1MSD,58,X-RAY DIFFRACTION,0,0,0,0,1,1,0,0,0,0,0,1,1,0,1,0,1,0,1,0,0,0,PMID: 8605177
1W08,rs1800973,2NWD / 1JSF,70,X-RAY DIFFRACTION,1,1,0,0,0,0,0,0,0,1,0,0,0,0,1,0,1,1,0,0,0,0,PMID: 16126226
1WD8,rs11203367,,82,X-RAY DIFFRACTION,1,1,0,0,0,0,0,0,1,1,0,0,0,0,0,0,0,0,0,0,0,1,
1AGS,rs147776857,1PKW/ 1PKZ,82,X-RAY DIFFRACTION,1,1,0,0,0,0,0,0,1,0,1,0,0,0,0,0,1,0,1,0,0,0,PMID: 7892174
1ABW,rs34933751,1COH,108,X-RAY DIFFRACTION,1,0,1,0,0,0,0,0,0,0,0,1,0,0,0,0,0,1,1,0,0,0,PMID: 9032082
1AOS,rs201733091,,431,X-RAY DIFFRACTION,1,0,1,0,0,0,0,0,1,0,1,0,0,0,0,0,0,0,0,0,1,0,PMID:24166829
1APY,rs2228119,,126,X-RAY DIFFRACTION,1,0,1,0,0,0,0,0,1,1,0,0,0,0,0,0,0,0,0,0,1,0,PMID:23757202
1AZV,rs121912431,4FF9,37,X-RAY DIFFRACTION,1,1,0,0,0,0,0,0,0,0,0,1,1,0,0,0,1,0,0,0,0,0,
1B0L,rs1126477,1LFG,10,X-RAY DIFFRACTION,0,0,0,0,1,0,1,0,1,1,0,0,0,0,0,0,0,0,0,0,0,1,
1B68,rs429358,,112,X-RAY DIFFRACTION,1,0,1,0,0,0,0,0,1,1,0,0,0,1,0,0,0,0,0,0,0,1,PMID:11258893 PMID: 8940294
1BZE,rs28933981,1F41,119,X-RAY DIFFRACTION,1,0,0,1,0,0,0,0,1,0,1,0,0,0,0,0,0,0,0,0,1,0,PMID:9818054
1NG2,rs4868,,166,X-RAY DIFFRACTION,1,1,0,0,0,0,0,0,1,0,0,1,0,0,0,0,0,0,0,0,0,1,
1NPZ,rs1059604,2H7J,47,X-RAY DIFFRACTION,1,1,0,0,0,0,0,0,1,0,0,1,0,0,0,0,0,0,0,0,0,1,
1NQ0,rs121918694,1N46,234,X-RAY DIFFRACTION,1,1,0,0,0,0,0,0,0,0,0,1,1,0,0,0,0,1,0,1,0,0,PMID: 12511610
1NQ2,rs121918690,1N46,317,X-RAY DIFFRACTION,1,0,1,0,0,0,0,0,0,0,0,1,1,0,0,0,0,1,0,1,0,0,PMID: 12554782
1NW9,rs1052576,,221,X-RAY DIFFRACTION,1,0,1,0,0,0,0,0,1,1,0,0,0,1,0,0,0,0,0,0,0,1,PMID: 24879622
3NMM,rs41378349,1NIH,58,X-RAY DIFFRACTION,1,0,1,0,0,0,0,0,1,0,0,1,0,0,0,0,0,0,0,0,0,1,
1O6O,rs1136612,1GCJ,97,X-RAY DIFFRACTION,1,0,1,0,0,0,0,0,1,0,0,1,0,0,0,0,0,0,0,0,0,1,
1ONQ,rs2269715,,51,X-RAY DIFFRACTION,1,1,0,0,0,0,0,0,1,1,0,0,0,0,0,0,0,0,0,0,0,1,
1OPH,rs121912713,2QUG,358,X-RAY DIFFRACTION,0,0,0,0,1,0,0,1,0,0,0,1,1,0,0,0,0,1,0,0,0,0,"PMID: 12860985, PMID: 6604220"
1P53,rs5498,,442,X-RAY DIFFRACTION,1,0,0,1,0,0,0,0,1,1,0,0,0,1,0,0,0,1,0,0,0,0,"PMID: 15099525, PMID: 25145994, PMID: 25310099"
1PGT,rs1695,2A2R,104,X-RAY DIFFRACTION,1,0,1,0,0,0,0,0,0,1,0,0,0,0,1,0,0,1,0,0,0,0,PMID: 9245401
1PLS,rs3816281,,97,SOLUTION NMR,1,0,1,0,0,0,0,0,1,1,0,0,0,0,0,0,0,0,0,0,0,1,
1PTZ,rs121912435,4A7U/1PU0,43,X-RAY DIFFRACTION,1,0,0,1,0,0,0,0,0,0,0,1,1,0,1,1,1,0,0,1,0,0,PMID: 12963370
1PU5,rs153477,,30,X-RAY DIFFRACTION,1,0,0,1,0,0,0,0,1,1,0,0,0,0,0,0,0,0,0,0,0,1,
1PV8,rs121912984,1E51,12,X-RAY DIFFRACTION,1,1,0,0,0,0,0,0,0,0,1,0,0,0,1,0,0,0,1,0,0,0,PMID: 12897770
1QBK,rs1135608,4OO6,217,X-RAY DIFFRACTION,1,0,1,0,0,0,0,0,1,0,0,1,0,0,0,0,0,0,0,0,0,1,
1QMN,rs1800463,3DLW,55,X-RAY DIFFRACTION,0,0,0,0,1,1,0,0,0,0,0,1,1,0,1,0,1,0,0,0,0,0,PMID: 10618372 PMID: 8244391
1QR2,rs1143684,,46,X-RAY DIFFRACTION,1,1,0,0,0,0,0,0,1,1,0,0,0,1,1,0,1,0,0,0,0,0,"PMID: 24631540, PMID: 10433694,  PMID: 23021489 "
1R82,rs8176747,1LZJ,268,X-RAY DIFFRACTION,0,0,0,0,1,0,0,1,1,1,0,0,0,0,0,0,0,0,0,0,0,1,
1EKF,rs11548193,,159,X-RAY DIFFRACTION,1,1,0,0,0,0,0,0,1,1,0,0,0,0,0,0,0,1,0,0,0,0,PMID:25260659
1F1J,rs201040237,,171,X-RAY DIFFRACTION,1,0,1,0,0,0,0,0,1,0,0,1,0,0,0,0,0,0,0,0,0,1,
1F5N,rs1048425,,349,X-RAY DIFFRACTION,1,0,1,0,0,0,0,0,1,1,0,0,0,0,0,0,0,0,0,0,0,1,
1FU1,rs28360135,1IK9,134,X-RAY DIFFRACTION,0,0,0,0,1,1,0,0,1,1,0,0,0,0,0,0,0,0,0,0,0,1,
1G0X,rs1061680,1VDG,119,X-RAY DIFFRACTION,1,0,0,1,0,0,0,0,1,1,0,0,0,1,0,0,0,0,0,0,0,1,
1G86,rs17608,,28,X-RAY DIFFRACTION,1,1,0,0,0,0,0,0,1,1,0,0,0,0,0,0,0,0,0,0,0,1,
1O7K,rs10614,,99,X-RAY DIFFRACTION,1,0,1,0,0,0,0,0,1,0,0,1,0,0,0,0,0,0,0,0,0,1,
1H1H,rs2073342,,97,X-RAY DIFFRACTION,1,1,0,0,0,0,0,0,1,1,0,0,0,0,0,0,0,0,0,0,0,0,
1HTN,rs13963,,85,X-RAY DIFFRACTION,1,1,0,0,0,0,0,0,1,1,0,0,0,0,0,0,0,0,0,0,0,1,
1HZJ,rs3204468,1EK6,180,X-RAY DIFFRACTION,1,0,0,1,0,0,0,0,1,0,0,1,0,0,0,0,0,0,0,0,0,1,
1IJB,rs216311,,618,X-RAY DIFFRACTION,0,0,0,0,1,0,1,0,1,1,0,0,0,0,0,0,0,0,0,0,0,1,
1IJK,rs61749389,1OAK,546,X-RAY DIFFRACTION,0,0,0,0,1,0,0,1,0,0,0,1,1,0,0,0,0,1,0,0,0,0,PMID: 12121649
1IMV,rs1136287,,52,X-RAY DIFFRACTION,1,0,1,0,0,0,0,0,1,1,0,0,0,0,0,0,0,0,0,0,0,1,
1ISF,rs2302468,,4,X-RAY DIFFRACTION,1,0,0,1,0,0,0,0,1,0,1,0,0,0,0,0,0,0,0,0,0,1,
1J04,rs121908529,1H0C,170,X-RAY DIFFRACTION,1,0,1,0,0,0,0,0,0,0,1,0,1,0,0,0,1,0,1,0,0,0,PMID: 20208150
1K0M,rs1049227,3QR6,63,X-RAY DIFFRACTION,1,1,0,0,0,0,0,0,1,0,0,1,0,0,0,0,0,0,0,0,0,1,
1K6M,rs1042227,,304,X-RAY DIFFRACTION,1,1,0,0,0,0,0,0,1,0,0,1,0,0,0,0,0,0,0,0,0,1,
1KFU,rs25655,,22,X-RAY DIFFRACTION,1,1,0,0,0,0,0,0,1,1,0,0,0,0,0,0,0,0,0,0,0,1,
1KHB,rs707555,,184,X-RAY DIFFRACTION,1,0,1,0,0,0,0,0,1,1,0,0,1,0,1,0,0,0,0,0,0,0,PMID: 19070910
1L6J,rs17576,,279,X-RAY DIFFRACTION,1,1,0,0,0,0,0,0,0,1,0,0,0,1,1,0,0,0,0,0,0,0,PMID: 23955812
1L9M,rs1042617,,561,X-RAY DIFFRACTION,1,1,0,0,0,0,0,0,1,0,0,1,0,0,0,0,0,0,0,0,0,1,
1LS6,rs1801030,,223,X-RAY DIFFRACTION,0,0,0,0,1,1,0,0,1,1,0,0,0,0,1,0,0,0,0,0,0,0,PMID: 26198620 
1LYY,rs121913548,,67,X-RAY DIFFRACTION,1,1,0,0,0,0,0,0,0,0,0,1,1,0,1,1,1,0,0,0,0,0,PMID: 9039909
1LZ7,rs8176746,1LZ0,266,X-RAY DIFFRACTION,1,1,0,0,0,0,0,0,0,1,0,0,0,0,0,0,0,1,0,0,0,0,PMID: 12198488
1LZ7,rs7853989,1LZ0,176,X-RAY DIFFRACTION,1,1,0,0,0,0,0,0,0,1,0,0,0,0,0,0,0,1,0,0,0,0,PMID: 12198488
3IOH,rs41302905,1LZ0,268,X-RAY DIFFRACTION,1,1,0,0,0,0,0,0,0,1,0,0,0,0,0,0,0,1,0,0,0,0,PMID: 12198488
1M73,rs1049564,,51,X-RAY DIFFRACTION,1,1,0,0,0,0,0,0,1,1,0,0,0,1,0,0,0,0,0,0,0,1,PMID: 25338677
1M75,rs4956145,,74,X-RAY DIFFRACTION,1,0,1,0,0,0,0,0,1,1,0,0,0,0,0,0,0,0,0,0,0,1,
1MIF,rs1803976,4GRN,106,X-RAY DIFFRACTION,1,0,1,0,0,0,0,0,1,0,1,0,0,0,0,0,0,0,0,0,0,1,
4CIM,rs910332,,133,X-RAY DIFFRACTION,1,0,1,0,0,0,0,0,1,0,1,0,0,0,0,0,0,0,0,0,0,1,
1MQ0,rs2072671,,27,X-RAY DIFFRACTION,1,0,1,0,0,0,0,0,0,1,0,0,0,1,1,0,0,0,0,0,0,0,PMID: 23873772
1N19,rs121912442,4FF9,4,X-RAY DIFFRACTION,0,0,0,0,1,0,1,0,0,0,0,1,1,0,1,1,1,0,0,1,0,0,PMID: 12441104
1N1F,rs2243191,,157,X-RAY DIFFRACTION,1,1,0,0,0,0,0,0,1,1,0,0,0,0,0,0,0,0,0,0,0,1,
1N76,rs1126478,1LCF,28,X-RAY DIFFRACTION,1,0,1,0,0,0,0,0,1,1,0,0,0,0,0,0,0,0,0,0,0,1,
1JCN,rs1126572,,29,X-RAY DIFFRACTION,0,0,0,0,1,0,0,1,1,0,0,1,0,0,0,0,0,0,0,0,0,1,
1JK8,rs7990,,158,X-RAY DIFFRACTION,1,1,0,0,0,0,0,0,1,1,0,0,0,0,0,0,0,0,0,0,0,1,
1JQE,rs11558538,2AOT,105,X-RAY DIFFRACTION,1,1,0,0,0,0,0,0,0,1,0,0,0,0,1,0,1,0,0,0,0,0,PMID: 11566133
1K62,rs28941472,1AOS,286,X-RAY DIFFRACTION,1,1,0,0,0,0,0,0,0,0,0,1,1,0,1,0,0,0,0,0,0,0,PMID: 11747432
1KHB,rs8192708,,267,X-RAY DIFFRACTION,0,0,0,0,1,0,1,0,1,1,0,0,0,0,0,0,0,0,0,0,1,0,PMID: 21152065 
1KIL,rs1131593,,60,X-RAY DIFFRACTION,0,0,0,0,1,0,0,1,1,0,0,1,0,0,0,0,0,0,0,0,0,1,
1L9L,rs11127,,57,X-RAY DIFFRACTION,1,0,1,0,0,0,0,0,0,1,0,0,0,0,0,0,0,0,0,0,0,1,
1L9M,rs214830,,653,X-RAY DIFFRACTION,1,0,0,1,0,0,0,0,1,1,0,0,0,0,0,0,1,0,0,0,0,0,PMID: 11980702
1LOZ,rs121913547,1LZ1,56,X-RAY DIFFRACTION,0,0,0,0,1,0,0,1,1,0,0,1,1,0,0,1,1,0,0,0,0,0,PMID: 10940237
1LZ7,rs8176743,1LZ0,235,X-RAY DIFFRACTION,1,1,0,0,0,0,0,0,0,1,0,0,0,0,0,0,0,1,0,0,0,0,PMID: 12198488 PMID: 18192272
1I3M,rs121908047,1EK6,94,X-RAY DIFFRACTION,1,1,0,0,0,0,0,0,0,0,0,1,1,0,1,0,0,1,0,0,0,0,PMID: 11279193
1I4E,rs1045485,4JJ7,285,X-RAY DIFFRACTION,0,0,0,0,1,0,0,1,1,1,0,0,0,1,0,0,0,0,0,0,0,1,PMID: 15601643
1IW2,rs7850844,,98,X-RAY DIFFRACTION,1,1,0,0,0,0,0,0,1,1,0,0,0,0,0,0,0,0,0,0,0,1,
1J47,rs104894969,1J46,9,SOLUTION NMR,1,1,0,0,0,0,0,0,0,0,0,1,1,0,0,0,0,1,0,0,0,0,PMID: 11563911
1JCN,rs1042252,,109,X-RAY DIFFRACTION,1,0,1,0,0,0,0,0,1,0,0,1,0,0,0,0,0,0,0,0,0,1,
1JK8,rs34847266,,153,X-RAY DIFFRACTION,1,0,0,1,0,0,0,0,1,0,0,1,0,0,0,0,0,0,0,0,0,1,
1E33,rs28940893,1AUK,426,X-RAY DIFFRACTION,0,0,0,0,1,0,0,1,0,0,1,0,1,0,0,0,1,0,1,0,0,0,PMID: 11777924 
2G3X,rs121918072,4KY2/ 1F41,84,X-RAY DIFFRACTION,1,1,0,0,0,0,0,0,0,0,0,1,1,0,0,1,1,1,0,1,0,0,PMID: 17196219
2GDZ,rs1050143,,50,X-RAY DIFFRACTION,1,0,1,0,0,0,0,0,1,0,0,1,0,0,0,0,0,0,0,0,0,1,
2GY5,rs682632,,346,X-RAY DIFFRACTION,1,1,0,0,0,0,0,0,1,1,0,0,0,0,0,0,0,0,0,0,0,1,
2HAU,rs2692696,4H0W,429,X-RAY DIFFRACTION,0,0,0,0,1,0,1,0,1,0,1,0,0,0,0,0,0,0,0,0,0,1,
2HEV,rs201250869,,90,X-RAY DIFFRACTION,1,1,0,0,0,0,0,0,1,0,0,1,0,0,0,0,0,0,0,0,0,1,
2HFW,rs20571,,31,X-RAY DIFFRACTION,0,0,0,0,1,0,0,1,1,1,0,0,0,0,0,0,0,0,0,0,0,1,
2HI9,rs6115,3B9F,45,X-RAY DIFFRACTION,1,1,0,0,0,0,0,0,1,1,0,0,0,0,0,0,0,0,0,0,0,1,
2HKY,rs1263872,,75,SOLUTION NMR,1,1,0,0,0,0,0,0,1,1,0,0,0,0,0,0,0,0,0,0,0,1,
2HKY,rs1243469,,88,SOLUTION NMR,1,1,0,0,0,0,0,0,1,1,0,0,0,0,0,0,0,0,0,0,0,1,
2HR7,rs1131851,,465,X-RAY DIFFRACTION,1,1,0,0,0,0,0,0,1,0,0,1,0,0,0,0,0,0,0,0,0,1,
2HVE,rs121917887,1UCN,120,X-RAY DIFFRACTION,0,0,0,0,1,0,0,1,0,0,1,0,1,0,1,0,1,0,0,0,0,0,PMID: 16944299
2I6L,rs35697691,,290,X-RAY DIFFRACTION,1,0,1,0,0,0,0,0,1,1,0,0,0,0,0,0,0,0,0,0,0,1,
3HEQ,rs74315403,2IV5,178,X-RAY DIFFRACTION,1,0,1,0,0,0,0,0,0,0,0,1,1,0,0,0,0,0,0,1,0,0,PMID: 16227536 PMID: 19927125 
2IW2,rs17570,,436,X-RAY DIFFRACTION,0,0,0,0,1,0,0,1,1,1,0,0,0,0,0,0,0,0,0,0,1,0,PMID: 21247474 
2J1L,rs4930409,,134,X-RAY DIFFRACTION,1,0,1,0,0,0,0,0,1,0,1,0,0,0,0,0,0,0,0,0,0,1,
1FCH,rs1057191,,388,X-RAY DIFFRACTION,1,0,1,0,0,0,0,0,1,0,0,1,0,0,0,0,0,0,0,0,0,1,
2JDF,rs796287,,110,X-RAY DIFFRACTION,1,1,0,0,0,0,0,0,1,1,0,0,0,0,0,0,0,0,0,0,0,1,
2JIT,rs121434569,3POZ,790,X-RAY DIFFRACTION,1,0,0,1,0,0,0,0,0,0,0,1,1,0,1,0,0,1,0,0,0,0,PMID: 18227510
2JJS,rs143735290,,14,X-RAY DIFFRACTION,1,1,0,0,0,0,0,0,1,0,0,1,0,0,0,0,0,0,0,0,0,1,PMID: 18657508
2JJS,rs17855609,,20,X-RAY DIFFRACTION,1,0,0,1,0,0,0,0,1,0,0,1,0,0,0,0,0,0,0,0,0,1,
2DIP,rs6434197,,65,SOLUTION NMR,1,1,0,0,0,0,0,0,1,1,0,0,0,0,0,0,0,0,0,0,0,1,
2DJ8,rs79600588,,7,SOLUTION NMR,1,1,0,0,0,0,0,0,1,0,0,1,0,0,0,0,0,0,0,0,0,1,
2DJN,rs185529928,4RDU,2,SOLUTION NMR,1,1,0,0,0,0,0,0,1,0,1,0,0,0,0,0,0,0,0,0,0,1,
2DJT,rs5905720,,62,SOLUTION NMR,1,1,0,0,0,0,0,0,1,0,1,0,0,0,0,0,0,0,0,0,0,1,
2DMZ,rs7516332,,53,SOLUTION NMR,1,0,0,1,0,0,0,0,1,1,0,0,0,0,0,0,0,0,0,0,0,1,
2DN8,rs201708270,,6,SOLUTION NMR,1,1,0,0,0,0,0,0,1,0,0,1,0,0,0,0,0,0,0,0,0,1,
2DNC,rs146678221,,5,SOLUTION NMR,1,1,0,0,0,0,0,0,1,0,1,0,0,0,0,0,0,0,0,0,0,1,
2DNF,rs2274305,,97,SOLUTION NMR,1,0,1,0,0,0,0,0,1,1,0,0,0,0,0,0,0,0,0,0,0,1,
2DS4,rs1289658,,108,SOLUTION NMR,1,0,0,1,0,0,0,0,1,1,0,0,0,0,0,0,0,0,0,0,0,1,
2E0O,rs142457376,2Q4G,52,X-RAY DIFFRACTION,1,0,1,0,0,0,0,0,1,0,1,0,0,0,1,0,0,0,1,0,0,0,PMID: 17586772
2E5J,rs3751803,,315,SOLUTION NMR,1,1,0,0,0,0,0,0,1,1,0,0,0,0,0,0,0,0,0,0,0,1,
2EBK,rs259358,,54,SOLUTION NMR,1,1,0,0,0,0,0,0,1,1,0,0,0,0,0,0,0,0,0,0,0,1,
2EBK,rs2296308,,93,SOLUTION NMR,1,0,1,0,0,0,0,0,1,1,0,0,0,0,0,0,0,0,0,0,0,1,
2EE3,rs6011729,,63,SOLUTION NMR,1,0,0,1,0,0,0,0,1,1,0,0,0,0,0,0,0,0,0,0,0,1,
2EOC,rs28547534,,100,SOLUTION NMR,1,0,0,1,0,0,0,0,1,1,0,0,0,0,0,0,0,0,0,0,0,1,
2FH7,rs4807697,,1457,X-RAY DIFFRACTION,1,0,0,1,0,0,0,0,1,0,1,0,0,0,0,0,0,0,0,0,0,1,
2FVL,rs17851824,,170,X-RAY DIFFRACTION,1,0,1,0,0,0,0,0,1,0,0,1,0,0,0,0,0,0,0,0,0,1,
2FVL,rs4880718,,250,X-RAY DIFFRACTION,1,1,0,0,0,0,0,0,1,0,1,0,0,0,0,0,0,0,0,0,0,1,
2FY2,rs4838544,,343,X-RAY DIFFRACTION,1,0,1,0,0,0,0,0,1,1,0,0,0,0,0,0,0,0,0,0,0,1,
2FYT,rs6483700,,525,X-RAY DIFFRACTION,1,1,0,0,0,0,0,0,1,0,1,0,0,0,0,0,0,0,0,0,0,1,
1ZLI,rs1059502,,101,X-RAY DIFFRACTION,1,0,1,0,0,0,0,0,1,1,0,0,0,0,0,0,0,0,0,0,0,1,
1ZRZ,rs17855494,3A8X,476,X-RAY DIFFRACTION,1,1,0,0,0,0,0,0,1,0,0,1,0,0,0,0,0,0,0,0,0,1,
1ZRZ,rs17856646,3A8X,499,X-RAY DIFFRACTION,1,1,0,0,0,0,0,0,1,0,0,1,0,0,0,0,0,0,0,0,0,1,
2A3J,rs2230694,,101,SOLUTION NMR,1,1,0,0,0,0,0,0,1,1,0,0,0,0,0,0,0,0,0,0,0,1,
2A72,rs17851953,,409,X-RAY DIFFRACTION,1,0,1,0,0,0,0,0,1,0,0,1,0,0,0,0,0,0,0,0,0,1,
2BBO,rs213950,,470,X-RAY DIFFRACTION,0,0,0,0,1,1,0,0,1,1,0,0,0,1,0,0,0,0,0,0,0,1,PMID: 20116881
2BKR,rs930871,1XT9,207,X-RAY DIFFRACTION,1,0,1,0,0,0,0,0,1,1,0,0,0,0,0,0,0,0,0,0,0,1,
2BLE,rs1042391,,256,X-RAY DIFFRACTION,1,1,0,0,0,0,0,0,1,1,0,0,0,0,0,0,0,0,0,0,0,1,
2BRS,rs536455,,101,X-RAY DIFFRACTION,1,1,0,0,0,0,0,0,1,1,0,0,0,0,0,0,0,0,0,0,0,1,
2C2N,rs13815,,267,X-RAY DIFFRACTION,0,0,0,0,1,0,0,1,1,1,0,0,0,0,0,0,0,0,0,0,0,1,
2CPW,rs12790613,,50,SOLUTION NMR,1,0,1,0,0,0,0,0,1,1,0,0,0,0,0,0,0,0,0,0,0,1,
2CPX,rs17850127,,376,SOLUTION NMR,1,1,0,0,0,0,0,0,1,0,0,1,0,0,0,0,0,0,0,0,0,1,
2CSO,rs147263237,,2,SOLUTION NMR,1,1,0,0,0,0,0,0,1,0,1,0,0,0,0,0,0,0,0,0,0,1,
2CTF,rs7578199,,80,SOLUTION NMR,1,0,1,0,0,0,0,0,1,1,0,0,0,0,0,0,0,0,0,0,0,1,
2CY7,rs7601000,,354,X-RAY DIFFRACTION,1,1,0,0,0,0,0,0,1,1,0,0,0,0,0,0,0,0,0,0,0,1,
2D85,rs4941543,,24,SOLUTION NMR,1,0,1,0,0,0,0,0,1,1,0,0,0,0,0,0,0,0,0,0,0,1,
2D9I,rs150594921,,2,SOLUTION NMR,1,1,0,0,0,0,0,0,1,0,0,1,0,0,0,0,0,0,0,0,0,1,
2DAW,rs17850700,,90,SOLUTION NMR,1,1,0,0,0,0,0,0,1,0,0,1,0,0,0,0,0,0,0,0,0,1,
2DGY,rs17849919,,23,SOLUTION NMR,1,1,0,0,0,0,0,0,1,0,1,0,0,0,0,0,0,0,0,0,0,1,
2DIC,rs202156074,,6,SOLUTION NMR,1,1,0,0,0,0,0,0,1,0,0,1,0,0,0,0,0,0,0,0,0,1,
1WD8,rs874881,,112,X-RAY DIFFRACTION,0,0,0,0,1,0,1,0,1,1,0,0,0,0,0,0,1,0,0,0,0,0,PMID: 15247907
1WDY,rs56250729,,97,X-RAY DIFFRACTION,0,0,0,0,1,1,0,0,1,0,1,0,0,1,0,0,0,0,0,0,0,1,PMID: 21360564
1WHB,rs147121994,,6,SOLUTION NMR,1,1,0,0,0,0,0,0,1,0,1,0,0,0,0,0,0,0,0,0,0,1,
1WPQ,rs1128867,1X0V,113,X-RAY DIFFRACTION,0,0,0,0,1,0,0,1,1,0,0,1,0,0,0,0,0,0,0,0,0,1,
1WRD,rs201378027,,211,X-RAY DIFFRACTION,1,1,0,0,0,0,0,0,1,0,0,1,0,0,0,0,0,0,0,0,0,1,
1WZ9,rs2289519,1XQG,176,X-RAY DIFFRACTION,1,0,1,0,0,0,0,0,1,1,0,0,0,1,0,0,0,0,0,0,0,1,PMID: 25775950 
1WZ9,rs2289520,1XQG,187,X-RAY DIFFRACTION,1,1,0,0,0,0,0,0,1,1,0,0,0,1,0,0,0,0,0,0,0,1,PMID: 25775950 
1X41,rs17849432,,53,SOLUTION NMR,1,0,1,0,0,0,0,0,1,0,0,1,0,0,0,0,0,0,0,0,0,1,
1X5E,rs17855601,,76,SOLUTION NMR,1,1,0,0,0,0,0,0,1,0,0,1,0,0,0,0,0,0,0,0,0,1,
1XWW,rs1130619,,63,X-RAY DIFFRACTION,0,0,0,0,1,1,0,0,1,0,0,1,0,0,0,0,0,0,0,0,0,1,
1XZ0,rs2269714,,13,X-RAY DIFFRACTION,0,0,0,0,1,0,0,1,1,1,0,0,0,0,0,0,0,0,0,0,0,1,PMID: 15723809
1Y4J,rs4245575,,51,X-RAY DIFFRACTION,0,0,0,0,1,0,0,1,1,0,1,0,0,0,0,0,0,0,0,0,0,1,
1YDP,rs12722477,2DYP,110,X-RAY DIFFRACTION,1,0,0,1,0,0,0,0,1,1,0,0,0,1,0,0,0,0,0,0,0,1,PMID: 18976687
1YHN,rs61735419,,284,X-RAY DIFFRACTION,1,0,1,0,0,0,0,0,1,1,0,0,0,0,0,0,0,0,0,0,0,1,
1YJR,rs72554639,1YJU,69,SOLUTION NMR,1,0,0,1,0,0,0,0,0,0,0,1,1,0,1,0,0,1,0,0,0,0,PMID: 16083905
1Z29,rs27742,,282,X-RAY DIFFRACTION,1,0,1,0,0,0,0,0,1,1,0,0,0,0,0,0,0,0,0,0,0,1,
1Z5V,rs1128518,,202,X-RAY DIFFRACTION,0,0,0,0,1,0,1,0,1,0,0,1,0,0,0,0,0,0,0,0,0,1,
1Z78,rs116555716,,66,X-RAY DIFFRACTION,1,0,1,0,0,0,0,0,1,0,1,0,0,0,0,0,0,0,0,0,0,1,
1ZGK,rs1048289,2FLU,349,X-RAY DIFFRACTION,1,1,0,0,0,0,0,0,1,0,0,1,0,0,0,0,0,0,0,0,0,1,
2JJS,rs17855610,,22,X-RAY DIFFRACTION,1,1,0,0,0,0,0,0,1,1,0,0,0,0,0,0,0,0,0,0,0,1,
2JJS,rs1135198,,27,X-RAY DIFFRACTION,0,0,0,0,1,0,0,1,1,0,0,1,0,0,0,0,0,1,0,0,0,0,PMID: 18657508 
2JJS,rs1057114,,45,X-RAY DIFFRACTION,1,1,0,0,0,0,0,0,1,0,0,1,0,0,0,0,0,0,0,0,0,1,
3HAK,rs1799990,4N9O,129,X-RAY DIFFRACTION,1,1,0,0,0,0,0,0,0,1,0,0,0,1,0,0,0,0,1,1,0,0,PMID: 1677164 PMID: 19927125  
2K21,rs1805127,,38,SOLUTION NMR,1,1,0,0,0,0,0,0,1,1,0,0,0,0,0,0,0,0,0,0,0,1,
2KEO,rs200259544,,36,SOLUTION NMR,1,0,1,0,0,0,0,0,1,0,0,1,0,0,0,0,0,0,0,0,0,1,
2KHU,rs8305,,91,SOLUTION NMR,1,0,1,0,0,0,0,0,1,1,0,0,0,1,0,0,0,0,0,0,0,1,PMID: 15609317 
3OP8,rs4581,4JHS,247,X-RAY DIFFRACTION,1,1,0,0,0,0,0,0,1,1,0,0,0,0,0,0,0,0,0,0,0,1,
1XW7,rs121918102,3W7Y,3,X-RAY DIFFRACTION,1,1,0,0,0,0,0,0,0,0,0,1,1,0,0,0,0,1,0,0,0,0,PMID: 17884811
2L3L,rs2234026,,65,SOLUTION NMR,1,0,1,0,0,0,0,0,1,0,1,0,0,0,0,0,0,0,0,0,0,1,
2LV1,rs74315407,4N9O,210,SOLUTION NMR,1,0,1,0,0,0,0,0,0,0,1,0,1,0,0,1,0,0,0,1,0,0,PMID: 21839748
4JKJ,rs5030732,4DM9,18,X-RAY DIFFRACTION,1,0,1,0,0,0,0,0,1,1,0,0,0,1,1,0,1,0,0,0,0,0,PMID: 25370916 PMID: 15221445
2LKM,rs61734867,2F5J,201,SOLUTION NMR,1,0,1,0,0,0,0,0,1,0,1,0,0,0,0,0,0,0,0,0,0,1,
3SOO,rs7542665,,13,X-RAY DIFFRACTION,1,1,0,0,0,0,0,0,1,1,0,0,0,0,0,0,0,0,0,0,0,1,
2M1R,rs201257362,2VNF,214,SOLUTION NMR,1,1,0,0,0,0,0,0,0,0,1,0,1,0,0,0,1,0,0,1,0,0,PMID: 20705953
2NNA,rs34517295,,160,X-RAY DIFFRACTION,1,1,0,0,0,0,0,0,1,0,0,1,0,0,0,0,0,0,0,0,0,1,
2JJS,rs1135200,,65,X-RAY DIFFRACTION,1,1,0,0,0,0,0,0,1,0,0,1,0,0,0,0,0,0,0,0,0,1,
2JJS,rs1135202,,79,X-RAY DIFFRACTION,1,1,0,0,0,0,0,0,1,0,0,1,0,0,0,0,0,0,0,0,0,1,
2NNA,rs1130375,,13,X-RAY DIFFRACTION,1,0,0,1,0,0,0,0,1,1,0,0,0,0,0,0,0,0,0,0,0,1,
2NUP,rs2596331,,71,X-RAY DIFFRACTION,1,1,0,0,0,0,0,0,1,1,0,0,0,0,0,0,0,0,0,0,0,1,
2NUP,rs2794053,,82,X-RAY DIFFRACTION,1,0,1,0,0,0,0,0,1,0,0,1,0,0,0,0,0,0,0,0,0,1,
2NUP,rs2590131,,130,X-RAY DIFFRACTION,1,1,0,0,0,0,0,0,1,1,0,0,0,0,0,0,0,0,0,0,0,1,
2O1F,rs55827808,1LZJ,214,X-RAY DIFFRACTION,1,0,0,1,0,0,0,0,0,0,1,0,0,0,1,0,0,1,0,0,0,0,PMID: 17259183
2OAY,rs4926,,458,X-RAY DIFFRACTION,1,0,0,1,0,0,0,0,0,1,0,0,0,0,0,0,0,0,0,0,1,1,PMID: 17488724
2OBD,rs5882,,405,X-RAY DIFFRACTION,1,0,1,0,0,0,0,0,1,1,0,0,0,1,1,0,0,0,0,0,0,0,PMID: 23274582 PMID: 22122979
5D4K,rs2275531,,347,X-RAY DIFFRACTION,1,1,0,0,0,0,0,0,1,1,0,0,0,0,0,0,0,0,0,0,0,1,
2OH4,rs1139775,,833,X-RAY DIFFRACTION,1,0,0,1,0,0,0,0,1,0,0,1,0,0,0,0,0,0,0,0,0,1,
2OJQ,rs11554561,2OEX,550,X-RAY DIFFRACTION,1,0,1,0,0,0,0,0,1,0,0,1,0,0,0,0,0,0,0,0,0,1,
2PMF,rs137852646,2ZT5,526,X-RAY DIFFRACTION,0,0,0,0,1,0,1,0,0,0,1,0,1,0,1,0,1,0,0,0,0,0,PMID: 17545306
2PXX,rs7633387,,101,X-RAY DIFFRACTION,0,0,0,0,1,1,0,0,1,1,0,0,0,0,0,0,0,0,0,0,0,1,
2PZP,rs121918507,3B2T,526,X-RAY DIFFRACTION,1,0,1,0,0,0,0,0,0,0,0,1,1,0,1,0,0,0,0,0,0,0,PMID: 17803937
2Q5I,rs201358272,2ZT5,581,X-RAY DIFFRACTION,0,0,0,0,1,1,0,0,0,0,1,0,1,0,1,0,0,1,0,1,0,0,PMID: 17544401
2QLY,rs2960746,,772,X-RAY DIFFRACTION,1,1,0,0,0,0,0,0,1,0,1,0,0,0,0,0,0,0,0,0,0,1,
2QO2,rs17855794,,608,X-RAY DIFFRACTION,1,0,1,0,0,0,0,0,1,0,0,1,0,0,0,0,0,0,0,0,0,1,
2QQM,rs7079053,,179,X-RAY DIFFRACTION,1,1,0,0,0,0,0,0,1,1,0,0,0,0,0,0,0,0,0,0,0,1,
2QUZ,rs104894227,2CE2,117,X-RAY DIFFRACTION,1,1,0,0,0,0,0,0,1,0,0,1,1,0,0,0,0,1,0,0,0,0,PMID: 17979197
2R0O,rs121908415,,255,X-RAY DIFFRACTION,1,0,1,0,0,0,0,0,0,0,0,1,1,0,0,1,0,1,0,0,0,0,PMID: 18164029
2RGI,rs2233868,,2,X-RAY DIFFRACTION,1,1,0,0,0,0,0,0,1,0,1,0,0,0,0,0,0,0,0,0,1,0,PMID: 18394645 
2RK4,rs74315351,1P5F,26,X-RAY DIFFRACTION,0,0,0,0,1,1,0,0,0,0,0,1,1,0,0,1,1,0,0,1,0,0,PMID: 18181649
2ROP,rs1801243,,169,SOLUTION NMR,1,1,0,0,0,0,0,0,1,1,0,0,0,0,0,0,0,0,0,0,0,1,
2TRH,rs121918083,4KY2,10,X-RAY DIFFRACTION,1,1,0,0,0,0,0,0,1,0,0,1,1,0,0,1,1,0,1,0,0,0,PMID: 9818054
2TRY,rs121918071,4KY2,77,X-RAY DIFFRACTION,1,0,1,0,0,0,0,0,1,0,0,1,1,0,0,1,1,0,1,0,0,0,PMID: 9818054
2V5N,rs1050005,,1703,X-RAY DIFFRACTION,1,1,0,0,0,0,0,0,1,0,0,1,0,0,0,0,0,0,0,0,0,1,
2V7A,rs121913459,2HZ1,315,X-RAY DIFFRACTION,0,0,0,0,1,0,1,0,0,0,0,1,1,0,0,0,0,1,0,0,0,0,PMID: 17804707
2V9Y,rs8971,,752,X-RAY DIFFRACTION,1,0,1,0,0,0,0,0,1,1,0,0,0,0,0,0,0,0,0,0,0,1,
2VR6,rs121912436,4FF9/1HL5,85,X-RAY DIFFRACTION,1,1,0,0,0,0,0,0,0,0,0,1,1,0,0,1,1,1,1,1,0,0,PMID: 18378676
2VT8,rs1803415,,36,X-RAY DIFFRACTION,1,1,0,0,0,0,0,0,1,1,0,0,0,0,0,0,0,0,0,0,0,1,
2VZE,rs7187246,,64,X-RAY DIFFRACTION,1,1,0,0,0,0,0,0,1,1,0,0,0,0,0,0,0,0,0,0,0,1,
2VZE,rs146233716,,463,X-RAY DIFFRACTION,1,1,0,0,0,0,0,0,1,1,0,0,0,0,0,0,0,0,0,0,0,1,
2WA6,rs80356493,2WA5,148,X-RAY DIFFRACTION,0,0,0,0,1,1,0,0,0,0,0,1,1,0,0,0,1,0,0,1,0,0,PMID: 19505475
2WA7,rs121908895,2WA5,202,X-RAY DIFFRACTION,0,0,0,0,1,1,0,0,0,0,0,1,1,0,0,0,1,0,0,0,0,0,PMID: 19505475
2WII,rs800292,,44,X-RAY DIFFRACTION,0,0,0,0,1,0,0,1,0,1,0,0,0,1,0,0,1,0,0,0,0,0,PMID: 19503104
2WYT,rs121912432,4FF9,38,X-RAY DIFFRACTION,1,1,0,0,0,0,0,0,0,0,0,1,1,0,0,1,1,1,1,0,0,0,PMID: 20067275 PMID: 20404910
2X2F,rs1042007,,744,X-RAY DIFFRACTION,1,0,1,0,0,0,0,0,1,0,0,1,0,0,0,0,0,0,0,0,0,1,
2X5Y,rs3735007,,851,X-RAY DIFFRACTION,1,0,0,1,0,0,0,0,1,1,0,0,0,1,0,0,0,0,0,0,0,1,PMID: 22319148
2XIJ,rs2229385,,499,X-RAY DIFFRACTION,1,1,0,0,0,0,0,0,1,1,0,0,0,0,0,0,0,0,0,0,0,1,
2XIJ,rs8589,,671,X-RAY DIFFRACTION,0,0,0,0,1,0,1,0,1,1,0,0,0,0,0,0,0,0,0,0,0,1,
2XIO,rs17855939,,161,X-RAY DIFFRACTION,0,0,0,0,1,1,0,0,1,0,0,1,0,0,0,0,0,0,0,0,0,1,
2XN4,rs17856668,,457,X-RAY DIFFRACTION,1,1,0,0,0,0,0,0,1,0,0,1,0,0,0,0,0,0,0,0,0,1,
2XOC,rs2306541,,497,X-RAY DIFFRACTION,1,0,1,0,0,0,0,0,1,1,0,0,0,0,0,0,0,0,0,0,0,1,
2XS6,rs2241088,,234,X-RAY DIFFRACTION,1,0,1,0,0,0,0,0,1,1,0,0,0,0,0,0,0,0,0,0,0,1,
2YF0,rs7995033,,319,X-RAY DIFFRACTION,1,0,1,0,0,0,0,0,1,1,0,0,0,0,0,0,0,0,0,0,0,1,
2YGN,rs17851594,,166,X-RAY DIFFRACTION,1,0,0,1,0,0,0,0,1,0,0,1,0,0,0,0,0,0,0,0,0,1,
2YS0,rs1044498,,34,SOLUTION NMR,1,0,1,0,0,0,0,0,1,1,0,0,0,1,0,0,0,0,0,0,0,1,PMID: 23633196
2YU6,rs1132528,,129,SOLUTION NMR,1,1,0,0,0,0,0,0,1,1,0,0,0,0,0,0,0,0,0,0,0,1,
2YUN,rs479661,,40,SOLUTION NMR,1,1,0,0,0,0,0,0,1,1,0,0,0,0,0,0,0,0,0,0,0,1,
2YUZ,rs3817552,,56,SOLUTION NMR,1,0,0,1,0,0,0,0,1,1,0,0,0,0,0,0,0,0,0,0,0,1,
2YV8,rs1126407,,26,X-RAY DIFFRACTION,1,0,0,1,0,0,0,0,1,1,0,0,0,0,0,0,0,0,0,0,0,1,
2Z5F,rs17850691,,183,X-RAY DIFFRACTION,1,0,1,0,0,0,0,0,1,0,0,1,0,0,0,0,0,0,0,0,0,1,
2ZJB,rs2227914,1V5W,200,X-RAY DIFFRACTION,0,0,0,0,1,1,0,0,0,1,0,0,1,0,1,0,1,1,0,0,0,0,PMID: 18566005
3AP5,rs1041937,4BMB,56,X-RAY DIFFRACTION,1,1,0,0,0,0,0,0,1,1,0,0,0,0,0,0,0,0,0,0,0,1,
3APU,rs1126777,,149,X-RAY DIFFRACTION,1,1,0,0,0,0,0,0,1,0,1,0,0,0,0,0,0,0,0,0,0,1,PMID: 21349832
3AU4,rs25901,3PZD,1663,X-RAY DIFFRACTION,1,0,1,0,0,0,0,0,1,1,0,0,0,0,0,0,0,0,0,0,0,1,
3AY4,rs396991,,158,X-RAY DIFFRACTION,0,0,0,0,1,0,1,0,1,1,0,0,0,1,0,0,0,0,0,0,0,1,PMID: 19026120
3B2T,rs121918509,2PVF/1GJO,628,X-RAY DIFFRACTION,0,0,0,0,1,1,0,0,0,0,0,1,1,0,1,0,0,0,0,1,0,0,PMID: 18056630
3B7Y,rs60811367,,132,X-RAY DIFFRACTION,1,1,0,0,0,0,0,0,1,0,1,0,0,0,0,0,0,0,0,0,0,1,
3BLH,rs147384648,3MI9,241,X-RAY DIFFRACTION,1,0,1,0,0,0,0,0,1,0,1,0,0,0,0,0,0,0,0,0,0,1,
3BRW,rs2275363,,107,X-RAY DIFFRACTION,1,1,0,0,0,0,0,0,1,1,0,0,0,0,0,0,0,0,0,0,0,1,
3BWY,rs4680,3BWM,108,X-RAY DIFFRACTION,0,0,0,0,1,1,0,0,0,1,0,0,0,1,0,0,1,0,0,1,0,0,PMID: 18486144
3C9Q,rs6999234,,32,X-RAY DIFFRACTION,0,0,0,0,1,1,0,0,1,1,0,0,0,0,0,0,0,0,0,0,0,1,
3C9Q,rs7014678,,93,X-RAY DIFFRACTION,1,0,0,1,0,0,0,0,1,1,0,0,0,0,0,0,0,0,0,0,0,1,
3CU7,rs17611,3PRX,802,X-RAY DIFFRACTION,0,0,0,0,1,0,1,0,1,1,0,0,0,1,0,0,1,0,0,0,0,0,PMID: 22452399 PMID: 25725109 
3CYN,rs381852,,182,X-RAY DIFFRACTION,1,1,0,0,0,0,0,0,1,1,0,0,0,0,0,0,0,0,0,0,0,1,
3D3L,rs1126667,,261,X-RAY DIFFRACTION,1,0,1,0,0,0,0,0,0,1,0,0,0,1,0,0,0,0,0,0,0,1,PMID: 21104233
3D5O,rs1801274,3RY4,131,X-RAY DIFFRACTION,1,1,0,0,0,0,0,0,0,1,0,0,0,1,0,0,0,1,0,0,0,0,PMID: 19011614 PMID: 24117665
3D66,rs3742264,,147,X-RAY DIFFRACTION,1,1,0,0,0,0,0,0,1,1,0,0,0,0,0,0,0,0,0,0,0,1,
3D66,rs1926447,,325,X-RAY DIFFRACTION,0,0,0,0,1,1,0,0,0,1,0,0,0,1,0,0,1,0,0,0,0,0,PMID: 18559974 PMID: 23624357
3D6H,rs139695105,3D6M,263,X-RAY DIFFRACTION,1,0,1,0,0,0,0,0,1,0,1,0,1,0,1,0,1,1,0,0,0,0,
3DJZ,rs121918079,4KY2,55,X-RAY DIFFRACTION,0,0,0,0,1,0,0,1,0,0,0,1,1,0,0,1,1,0,1,1,0,0,PMID: 19602727
3DLJ,rs4263028,,87,X-RAY DIFFRACTION,0,0,0,0,1,0,1,0,1,1,0,0,0,0,0,0,0,0,0,0,0,1,
3E7O,rs1127557,3NPC,222,X-RAY DIFFRACTION,1,1,0,0,0,0,0,0,1,0,0,1,0,0,0,0,0,0,0,0,0,1,
3EE2,rs76328980,2CVD,187,X-RAY DIFFRACTION,0,0,0,0,1,1,0,0,1,1,0,0,0,0,0,0,1,0,0,0,0,0,PMID: 21821144 
3F6K,rs72646577,,617,X-RAY DIFFRACTION,1,1,0,0,0,0,0,0,1,0,1,0,0,0,0,0,0,0,0,0,0,1,
3FCX,rs15303,,257,X-RAY DIFFRACTION,1,1,0,0,0,0,0,0,1,1,0,0,0,0,0,0,0,0,0,0,0,1,
3FDW,rs2022039,,420,X-RAY DIFFRACTION,1,1,0,0,0,0,0,0,1,1,0,0,0,0,0,0,0,0,0,0,0,1,
3FEH,rs10256887,,241,X-RAY DIFFRACTION,1,0,1,0,0,0,0,0,1,1,0,0,0,0,0,0,0,0,0,0,0,1,
3FPU,rs141200748,2X6G,10,X-RAY DIFFRACTION,0,0,0,0,1,0,1,0,1,0,1,0,0,0,0,0,0,0,0,0,0,1,
3FY1,rs41282492,,45,X-RAY DIFFRACTION,1,0,1,0,0,0,0,0,1,1,0,0,0,0,1,0,0,0,0,0,0,0,PMID: 26332238 
3FY1,rs41282494,,47,X-RAY DIFFRACTION,1,1,0,0,0,0,0,0,1,1,0,0,0,0,0,0,0,0,0,0,0,1,
3FY1,rs2275253,,340,X-RAY DIFFRACTION,1,0,1,0,0,0,0,0,1,1,0,0,0,0,0,0,0,0,0,0,0,1,
3GW0,rs116233118,1URO,318,X-RAY DIFFRACTION,1,0,1,0,0,0,0,0,0,0,1,0,1,0,1,0,1,0,0,0,0,0,PMID: 19656450
3GW3,rs201618542,1URO,297,X-RAY DIFFRACTION,1,1,0,0,0,0,0,0,0,0,1,0,1,0,1,0,1,0,0,0,0,0,PMID: 19656450
3GZC,rs3210400,,175,X-RAY DIFFRACTION,1,1,0,0,0,0,0,0,1,1,0,0,0,0,0,0,0,0,0,0,0,1,
3HER,rs74315405,4N9O,198,X-RAY DIFFRACTION,1,1,0,0,0,0,0,0,1,0,0,1,1,0,0,1,1,0,1,0,0,0,PMID: 1363809
3HI7,rs1049793,,645,X-RAY DIFFRACTION,1,1,0,0,0,0,0,0,1,1,0,0,0,0,1,0,0,0,0,0,0,0,PMID: 17700358 PMID: 17826755 
3HLK,rs149033118,,328,X-RAY DIFFRACTION,1,0,0,1,0,0,0,0,1,0,0,1,0,0,0,0,0,0,0,0,0,1,
3I9A,rs104894664,4KY2,25,X-RAY DIFFRACTION,1,1,0,0,0,0,0,0,1,0,0,1,1,0,0,1,1,0,1,0,0,0,PMID: 22091638
3IBD,rs2279343,,262,X-RAY DIFFRACTION,1,1,0,0,0,0,0,0,0,1,0,0,0,0,0,0,0,1,0,1,0,0,PMID: 20061448
3IM4,rs203462,,646,X-RAY DIFFRACTION,0,0,0,0,1,1,0,0,0,1,0,0,0,1,0,0,0,1,0,1,0,0,PMID: 20159461 PMID: 19857670 PMID: 16956908
3IRT,rs121917767,4DM9,93,X-RAY DIFFRACTION,0,0,0,0,1,1,0,0,1,0,1,0,0,1,0,0,0,0,0,0,0,1,PMID: 20439756
3K7J,rs121917854,3K7G,100,X-RAY DIFFRACTION,1,1,0,0,0,0,0,0,1,0,0,1,0,0,0,0,0,0,0,0,0,1,
3K91,rs121912443,4FF9,46,X-RAY DIFFRACTION,0,0,0,0,1,0,1,0,0,0,0,1,1,0,0,1,1,1,0,0,0,0,PMID: 19227972
3LQZ,rs1042121,,36,X-RAY DIFFRACTION,0,0,0,0,1,0,0,1,1,1,0,0,0,0,0,0,0,0,0,0,0,1,
3MDJ,rs27895,2YD0,346,X-RAY DIFFRACTION,1,0,1,0,0,0,0,0,1,1,0,0,0,0,0,0,0,0,0,0,0,1,
3MDJ,rs30187,2YD0,528,X-RAY DIFFRACTION,1,1,0,0,0,0,0,0,1,1,0,0,1,0,0,0,0,0,0,0,0,1,PMID: 21478864
3MDJ,rs27044,2YD0,730,X-RAY DIFFRACTION,1,0,1,0,0,0,0,0,1,1,0,0,1,0,0,0,0,0,0,0,0,1,PMID: 21478864
3MEK,rs7520453,,13,X-RAY DIFFRACTION,1,1,0,0,0,0,0,0,1,1,0,0,0,0,0,0,0,0,0,0,0,1,
3NYX,rs17851123,3LXP,1016,X-RAY DIFFRACTION,1,0,1,0,0,0,0,0,1,0,0,1,0,0,0,0,0,0,0,0,0,1,
3P7Z,rs199474766,2E2X,1584,X-RAY DIFFRACTION,0,0,0,0,1,0,1,0,0,0,0,1,1,0,1,0,0,0,0,1,0,0,PMID: 21089070
3PLS,rs7433231,,1195,X-RAY DIFFRACTION,0,0,0,0,1,1,0,0,1,0,0,1,0,0,0,0,0,0,0,0,0,1,
3PM0,rs1056827,,119,X-RAY DIFFRACTION,1,1,0,0,0,0,0,0,1,1,0,0,0,1,0,0,0,0,0,0,0,1,PMID: 26707614 
3PXA,rs80357414,4IGK,1656,X-RAY DIFFRACTION,1,1,0,0,0,0,0,0,0,0,0,1,0,0,0,0,0,0,0,0,0,0,PMID: 21473589
3Q6O,rs17855475,4IJ3,200,X-RAY DIFFRACTION,0,0,0,0,1,1,0,0,1,1,0,0,0,0,0,0,0,0,0,0,0,1,
3QE2,rs1057868,,503,X-RAY DIFFRACTION,1,1,0,0,0,0,0,0,1,1,0,0,0,1,0,0,0,0,0,0,0,1,PMID: 24113216
3QFC,rs28931606,3QE2,492,X-RAY DIFFRACTION,0,0,0,0,1,1,0,0,0,0,1,0,1,0,1,0,1,1,0,0,0,0,"PMID: 21808038, PMID: 24847272"
3QQD,rs121912458,4FF9,80,X-RAY DIFFRACTION,1,1,0,0,0,0,0,0,0,0,0,1,1,0,0,1,1,1,1,1,0,0,PMID: 20515040
3QVU,rs200947432,1LS6,243,X-RAY DIFFRACTION,1,1,0,0,0,0,0,0,1,0,1,0,0,0,0,0,0,0,0,0,0,1,
3RJ3,rs460897,3OXU,1191,X-RAY DIFFRACTION,0,0,0,0,1,0,1,0,0,0,0,1,1,0,1,0,1,0,0,0,0,0,"PMID: 22320225, PMID: 16470555"
3S2K,rs2302685,4A0P,1062,X-RAY DIFFRACTION,0,0,0,0,1,0,1,0,1,1,0,0,0,1,0,0,0,0,0,0,0,1,PMID: 24906453
3S5E,rs138471431,3S4M,155,X-RAY DIFFRACTION,1,0,0,1,0,0,0,0,0,0,0,1,1,0,1,1,1,1,1,1,0,0,PMID: 21671584
3S7B,rs1134647,3TG4,165,X-RAY DIFFRACTION,1,1,0,0,0,0,0,0,1,1,0,0,0,0,0,0,0,0,0,0,0,1,
3SE6,rs2549782,4JBS,392,X-RAY DIFFRACTION,0,0,0,0,1,1,0,0,0,1,0,0,1,0,1,0,0,1,0,0,0,0,"PMID: 22106953, PMID: 24971029, PMID: 22837489"
3SOO,rs7533274,,309,X-RAY DIFFRACTION,0,0,0,0,1,1,0,0,1,1,0,0,0,0,0,0,0,0,0,0,0,1,
3SQO,rs562556,,474,X-RAY DIFFRACTION,1,0,0,1,0,0,0,0,1,1,0,0,0,0,0,0,0,0,0,0,0,1,
3SQO,rs505151,,670,X-RAY DIFFRACTION,1,1,0,0,0,0,0,0,1,1,0,0,0,1,0,0,0,0,0,0,0,1,PMID: 24599757
3SZA,rs887241,,133,X-RAY DIFFRACTION,0,0,0,0,1,0,1,0,1,1,0,0,0,0,0,0,0,0,0,0,0,1,
3T3J,rs146818694,1LY7,146,X-RAY DIFFRACTION,1,0,0,1,0,0,0,0,0,0,0,1,1,0,1,0,0,1,0,0,0,0,PMID: 21776984 
3T3K,rs140472905,1LY7,148,X-RAY DIFFRACTION,1,0,0,1,0,0,0,0,0,0,0,1,1,0,1,0,0,1,0,0,0,0,PMID: 21776984 
3TBD,rs4962173,,329,X-RAY DIFFRACTION,1,1,0,0,0,0,0,0,1,0,1,0,0,0,0,0,0,0,0,0,0,1,
3TDC,rs2075260,,2166,X-RAY DIFFRACTION,0,0,0,0,1,1,0,0,1,1,0,0,0,0,0,0,0,0,0,0,0,1,
3THW,rs184967,,940,X-RAY DIFFRACTION,1,1,0,0,0,0,0,0,1,1,0,0,0,0,0,0,0,0,0,0,0,1,
3U0V,rs940570,,131,X-RAY DIFFRACTION,0,0,0,0,1,1,0,0,1,1,0,0,0,0,0,0,0,0,0,0,0,1,
3U5V,rs1052806,,46,X-RAY DIFFRACTION,1,0,1,0,0,0,0,0,1,0,0,1,0,0,0,0,0,0,0,0,0,1,
3UB3,rs8177400,4LQD,96,X-RAY DIFFRACTION,1,0,1,0,0,0,0,0,0,0,1,0,0,1,1,0,0,0,0,0,0,0,"PMID: 22485159, PMID: 22427729"
3UB4,rs8177374,4LQD,180,X-RAY DIFFRACTION,1,1,0,0,0,0,0,0,0,1,0,0,0,1,1,0,0,0,0,0,0,0,PMID: 22485159 
3UD1,rs35213384,,1075,X-RAY DIFFRACTION,1,0,0,1,0,0,0,0,0,1,0,0,0,1,0,0,0,0,0,0,0,1,PMID: 22310050
3YGS,rs1052571,,29,X-RAY DIFFRACTION,1,0,1,0,0,0,0,0,1,1,0,0,0,1,0,0,0,0,0,0,0,1,"PMID: 22616010, PMID: 23720679 "
3ZQK,rs1800385,3GXB,1565,X-RAY DIFFRACTION,0,0,0,0,1,0,0,0,0,1,0,0,0,0,0,0,1,0,0,0,0,0,PMID: 17296575
4A0C,rs17854618,,952,X-RAY DIFFRACTION,0,0,0,0,1,1,0,0,1,0,0,1,0,0,0,0,0,0,0,0,0,1,
4A7G,rs121912441,4FF9,113,X-RAY DIFFRACTION,1,1,0,0,0,0,0,0,1,0,0,1,1,0,0,1,1,0,0,0,0,0,PMID: 23278398
4AE2,rs1516446,,132,X-RAY DIFFRACTION,0,0,0,0,1,1,0,0,1,0,1,0,0,0,0,0,0,0,0,0,0,1,
4AE7,rs6587624,,206,X-RAY DIFFRACTION,1,0,0,1,0,0,0,0,1,0,1,0,0,0,0,0,0,0,0,0,0,1,
4AF3,rs1059476,,298,X-RAY DIFFRACTION,1,0,1,0,0,0,0,0,1,1,0,0,0,0,0,0,0,0,0,0,0,1,
4AGU,rs7161563,,274,X-RAY DIFFRACTION,1,1,0,0,0,0,0,0,1,1,0,0,0,0,0,0,0,0,0,0,0,1,
4AHD,rs121909535,1HBY,12,X-RAY DIFFRACTION,1,0,1,0,0,0,0,0,0,0,0,1,1,0,1,1,1,0,0,0,0,0,PMID: 23047679
4AHE,rs121909536,1HBY,17,X-RAY DIFFRACTION,1,1,0,0,0,0,0,0,0,0,1,0,1,0,1,1,1,0,0,1,0,0,PMID: 23047679
4AHG,rs121909542,1HBY,28,X-RAY DIFFRACTION,1,0,1,0,0,0,0,0,0,0,0,1,1,0,1,1,1,0,0,1,0,0,PMID: 23047679
4AHI,rs121909540,1HBY,40,X-RAY DIFFRACTION,1,1,0,0,0,0,0,0,0,0,0,1,1,0,1,1,1,0,0,1,0,0,PMID: 23047679
4AHJ,rs121909541,1HBY,46,X-RAY DIFFRACTION,0,0,0,0,1,0,1,0,0,0,1,0,1,0,1,1,1,0,0,0,0,0,PMID: 23047679
4AHK,rs141055235,1HBY,54,X-RAY DIFFRACTION,1,0,1,0,0,0,0,0,0,0,1,0,1,0,1,1,1,0,0,0,0,0,PMID: 23047679
4AHM,rs121909544,1HBY,113,X-RAY DIFFRACTION,1,0,0,1,0,0,0,0,0,0,0,1,1,0,1,1,1,0,0,0,0,0,PMID: 23047679
4AKM,rs482912,,318,X-RAY DIFFRACTION,1,0,0,1,0,0,0,0,1,1,0,0,0,0,0,0,0,0,0,0,0,1,
4AQJ,rs200222470,2WOS,24,X-RAY DIFFRACTION,1,1,0,0,0,0,0,0,0,0,0,1,0,0,0,0,0,1,0,0,0,0,PMID: 24900538
4ASC,rs6805421,,345,X-RAY DIFFRACTION,1,1,0,0,0,0,0,0,1,1,0,0,0,0,0,0,1,0,0,0,0,0,PMID: 23349464
4ASC,rs123509,,617,X-RAY DIFFRACTION,1,0,1,0,0,0,0,0,1,1,0,0,0,0,0,0,0,0,0,0,0,1,
4DIQ,rs3813563,,364,X-RAY DIFFRACTION,1,0,1,0,0,0,0,0,1,1,0,0,0,0,0,0,0,0,0,0,0,1,
4EN0,rs344560,,214,X-RAY DIFFRACTION,1,0,0,1,0,0,0,0,0,1,0,0,0,0,0,0,0,1,0,0,0,0,PMID: 25087510
4F5D,rs78233829,4KSY,230,X-RAY DIFFRACTION,1,0,0,1,0,0,0,0,1,1,0,0,0,0,0,0,0,0,0,0,0,1,
4F5D,rs1131769,,232,X-RAY DIFFRACTION,1,1,0,0,0,0,0,0,1,1,0,0,0,0,0,0,0,1,0,0,0,0,PMID: 22728659
4FVR,rs77375493,4FVP,617,X-RAY DIFFRACTION,1,1,0,0,0,0,0,0,0,0,1,0,1,0,1,0,1,0,0,0,0,0,PMID: 22820988
4G1T,rs1727,,352,X-RAY DIFFRACTION,1,0,1,0,0,0,0,0,1,1,0,0,0,0,0,0,0,0,0,0,0,1,
4G8A,rs4986790,3FXI,299,X-RAY DIFFRACTION,1,0,0,1,0,0,0,0,0,1,0,0,1,0,0,0,0,0,0,1,0,0,PMID: 23055527
4G8A,rs4986791,3FXI,399,X-RAY DIFFRACTION,1,1,0,0,0,0,0,0,0,1,0,0,1,0,0,0,0,0,0,0,0,0,PMID: 23055527
4H2B,rs2229523,4H1S,376,X-RAY DIFFRACTION,1,1,0,0,0,0,0,0,1,1,0,0,0,0,0,0,0,0,0,0,0,1,
4HC4,rs2232016,,194,X-RAY DIFFRACTION,0,0,0,0,1,0,1,0,1,1,0,0,0,0,0,0,0,0,0,0,0,1,
4HFG,rs17853182,4FU3,21,X-RAY DIFFRACTION,1,0,1,0,0,0,0,0,1,0,0,1,0,0,0,0,0,0,0,0,0,1,
5HPG,rs4252128,,14,X-RAY DIFFRACTION,1,1,0,0,0,0,0,0,1,0,1,0,0,0,0,0,0,0,0,0,0,1,
1DE9,rs1048945,4LND,51,X-RAY DIFFRACTION,1,1,0,0,0,0,0,0,1,1,0,0,0,0,0,0,0,0,0,0,1,0,
1ESR,rs1133763,,46,X-RAY DIFFRACTION,1,1,0,0,0,0,0,0,1,1,0,0,0,0,0,0,1,0,0,0,0,0,PMID: 11087354
1EY2,rs2255543,,80,X-RAY DIFFRACTION,1,1,0,0,0,0,0,0,1,1,0,0,0,0,0,0,0,0,0,0,0,1,
1F12,rs61735992,1F0Y,80,X-RAY DIFFRACTION,1,0,1,0,0,0,0,0,1,0,1,0,0,0,0,0,0,0,0,0,0,1,
1FIE,rs5987,1F13,650,X-RAY DIFFRACTION,0,0,0,0,1,0,1,0,1,1,0,0,0,0,0,0,0,0,0,0,0,1,
1FW1,rs1046428,,82,X-RAY DIFFRACTION,1,0,1,0,0,0,0,0,1,1,0,0,0,0,1,0,0,0,0,0,0,0,PMID: 11327815
1G0X,rs1061681,1VDG,132,X-RAY DIFFRACTION,0,0,0,0,1,0,1,0,1,1,0,0,0,0,0,0,0,0,0,0,0,1,
1G91,rs1003645,,63,SOLUTION NMR,0,0,0,0,1,1,0,0,0,1,0,0,0,0,0,0,0,0,0,0,0,1,
1H0Z,rs2303063,,13,SOLUTION NMR,1,0,1,0,0,0,0,0,1,1,0,0,0,0,0,0,0,0,0,0,0,1,
1H0Z,rs2303067,,65,SOLUTION NMR,1,1,0,0,0,0,0,0,1,1,0,0,0,0,0,0,0,0,0,0,0,1,
1HH8,rs2274064,1WM5,181,X-RAY DIFFRACTION,1,1,0,0,0,0,0,0,1,1,0,0,0,0,0,0,0,0,0,0,0,1,
1HKC,rs1054202,1CZA,730,X-RAY DIFFRACTION,1,0,1,0,0,0,0,0,1,0,0,1,0,0,0,0,0,0,0,0,0,1,
1HZM,rs2279574,,114,SOLUTION NMR,1,0,1,0,0,0,0,0,1,1,0,0,0,0,0,0,0,0,0,0,0,0,PMID: 22155192 
1II4,rs79184941,1EV2,252,X-RAY DIFFRACTION,1,1,0,0,0,0,0,0,0,0,1,0,1,0,0,0,0,1,0,0,0,0,PMID: 11390973 
1KFU,rs1130848,,534,X-RAY DIFFRACTION,1,0,1,0,0,0,0,0,1,0,0,1,0,0,0,0,0,0,0,0,0,1,
1KIL,rs1051268,,65,X-RAY DIFFRACTION,1,0,1,0,0,0,0,0,1,0,0,1,0,0,0,0,0,0,0,0,0,1,
1KIL,rs1051270,,66,X-RAY DIFFRACTION,1,0,1,0,0,0,0,0,1,0,0,1,0,0,0,0,0,0,0,0,0,1,
1KIL,rs1051276,,79,X-RAY DIFFRACTION,1,0,1,0,0,0,0,0,1,0,0,1,0,0,0,0,0,0,0,0,0,1,
1KSQ,rs4422143,,41,SOLUTION NMR,1,1,0,0,0,0,0,0,1,0,1,0,0,0,0,0,0,0,0,0,0,1,
1NA8,rs149933005,1OM9,578,X-RAY DIFFRACTION,1,1,0,0,0,0,0,0,1,0,1,0,0,0,0,0,0,0,0,0,0,1,
1NM8,rs1044554,,513,X-RAY DIFFRACTION,1,1,0,0,0,0,0,0,1,0,0,1,0,0,0,0,0,0,0,0,0,1,
1W6K,rs2254524,1W6J,642,X-RAY DIFFRACTION,1,1,0,0,0,0,0,0,1,1,0,0,0,0,0,0,0,0,0,0,0,1,
